trial_num,trial_id,datetime_start,datetime_complete,duration_sec,buy_threshold,rsi_period,sell_threshold,fitness_sharpe,best_sharpe_so_far,train_sharpe,train_net_profit_pct,train_max_drawdown,train_win_rate,train_total_trades,test_sharpe,test_net_profit_pct,test_max_drawdown,test_win_rate,test_total_trades,train_test_gap_pct
1,28343,2026-01-16 00:01:45.981759,2026-01-16 00:01:45.981759,0.0,28.0,23.0,66.0,0.0001,0.0001,,,,,,,,,,,
2,28344,2026-01-16 00:01:46.852430,2026-01-16 00:01:46.852430,0.0,23.0,13.0,82.0,0.0001,0.0001,,,,,,,,,,,
3,28345,2026-01-16 00:01:47.083085,2026-01-16 00:01:47.083085,0.0,41.0,16.0,66.0,0.14268683431130894,0.14268683431130894,0.8345522002133073,6.670389182499986,-7.7078736412170334,0.7333333333333333,15,1.0697972362009953,4.953160566999994,-7.345055519908916,0.75,12,-28.188175158793005
4,28346,2026-01-16 00:01:47.117442,2026-01-16 00:01:47.117442,0.0,34.0,19.0,65.0,0.0001,0.14268683431130894,,,,,,,,,,,
5,28347,2026-01-16 00:01:47.208092,2026-01-16 00:01:47.208092,0.0,26.0,11.0,67.0,0.22747821837114895,0.22747821837114895,2.460911377856734,16.130114034500004,-3.8610010333459233,0.8571428571428571,7,1.2850188407120826,0.8775948304999852,-1.3472983173448805,0.6666666666666666,3,47.782807122813345
6,28348,2026-01-16 00:01:47.510550,2026-01-16 00:01:47.510550,0.0,22.0,9.0,62.0,0.0001,0.22747821837114895,,,,,,,,,,,
7,28349,2026-01-16 00:01:47.561208,2026-01-16 00:01:47.561208,0.0,39.0,30.0,70.0,0.0001,0.22747821837114895,,,,,,,,,,,
8,28350,2026-01-16 00:01:47.625104,2026-01-16 00:01:47.625104,0.0,27.0,13.0,83.0,0.0001,0.22747821837114895,,,,,,,,,,,
9,28351,2026-01-16 00:01:47.786738,2026-01-16 00:01:47.786738,0.0,22.0,29.0,73.0,0.0001,0.22747821837114895,,,,,,,,,,,
10,28352,2026-01-16 00:01:47.857447,2026-01-16 00:01:47.857447,0.0,39.0,13.0,72.0,0.13561183724580694,0.22747821837114895,0.8015388885597962,8.741650026999979,-12.262635562083856,0.6428571428571429,14,0.8932617502114598,4.136040075999972,-6.747212301411187,0.7,10,-11.44334516525719
11,28353,2026-01-16 00:01:47.953209,2026-01-16 00:01:47.953209,0.0,35.0,17.0,64.0,0.27725378549099033,0.27725378549099033,2.696034142508313,18.65839873549999,-4.039804260315371,0.8888888888888888,9,0.14084045445927199,0.23698808050004289,-6.324061666423908,0.6666666666666666,3,94.776013692162
12,28354,2026-01-16 00:01:48.035464,2026-01-16 00:01:48.035464,0.0,40.0,28.0,80.0,0.0001,0.27725378549099033,,,,,,,,,,,
13,28355,2026-01-16 00:01:48.085783,2026-01-16 00:01:48.085783,0.0,38.0,11.0,83.0,0.08348702697805475,0.27725378549099033,0.5169056350824038,6.6250032884999515,-28.006724814830363,0.75,8,0.5294790944674073,2.798128699500011,-12.543640438787584,0.6666666666666666,3,-2.43244772965166
14,28356,2026-01-16 00:01:48.158171,2026-01-16 00:01:48.158171,0.0,26.0,24.0,63.0,0.0001,0.27725378549099033,,,,,,,,,,,
15,28357,2026-01-16 00:01:48.368582,2026-01-16 00:01:48.368582,0.0,31.0,14.0,79.0,0.11071002936504803,0.27725378549099033,1.0650046471237107,13.443719974499993,-20.812623441520163,0.8333333333333334,6,2.5204622623346786,8.891627009000034,-5.665692545580548,1.0,2,-136.66209054972342
16,28358,2026-01-16 00:01:48.512282,2026-01-16 00:01:48.512282,0.0,22.0,20.0,60.0,0.0001,0.27725378549099033,,,,,,,,,,,
17,28359,2026-01-16 00:01:48.532323,2026-01-16 00:01:48.532323,0.0,32.0,17.0,71.0,0.0001,0.27725378549099033,,,,,,,,,,,
18,28360,2026-01-16 00:01:48.559651,2026-01-16 00:01:48.559651,0.0,27.0,12.0,78.0,0.0001,0.27725378549099033,,,,,,,,,,,
19,28361,2026-01-16 00:01:48.596379,2026-01-16 00:01:48.596379,0.0,29.0,13.0,79.0,0.0001,0.27725378549099033,,,,,,,,,,,
20,28362,2026-01-16 00:01:48.688627,2026-01-16 00:01:48.688627,0.0,26.0,27.0,84.0,0.0001,0.27725378549099033,,,,,,,,,,,
21,28363,2026-01-16 00:01:48.813272,2026-01-16 00:01:48.813272,0.0,44.0,13.0,74.0,0.13292873673285635,0.27725378549099033,0.7432845604476959,9.683619470500036,-20.170934469962177,0.6,15,1.0384597227203038,5.446206693499968,-6.73863482601843,0.6363636363636364,11,-39.71226875677571
22,28364,2026-01-16 00:01:48.853579,2026-01-16 00:01:48.853579,0.0,41.0,22.0,84.0,0.0001,0.27725378549099033,,,,,,,,,,,
23,28365,2026-01-16 00:01:48.899555,2026-01-16 00:01:48.899555,0.0,27.0,23.0,61.0,0.0001,0.27725378549099033,,,,,,,,,,,
24,28366,2026-01-16 00:01:48.986522,2026-01-16 00:01:48.986522,0.0,25.0,23.0,70.0,0.0001,0.27725378549099033,,,,,,,,,,,
25,28367,2026-01-16 00:01:49.018900,2026-01-16 00:01:49.018900,0.0,26.0,22.0,61.0,0.0001,0.27725378549099033,,,,,,,,,,,
26,28368,2026-01-16 00:01:49.114554,2026-01-16 00:01:49.114554,0.0,35.0,19.0,73.0,0.0001,0.27725378549099033,,,,,,,,,,,
27,28369,2026-01-16 00:01:49.165719,2026-01-16 00:01:49.165719,0.0,44.0,24.0,70.0,0.061245408554212136,0.27725378549099033,0.29718501546278364,2.1926252330000287,-20.704862998789785,0.7142857142857143,7,0.06717947849263384,-0.38979838549997226,-9.03759105082389,0.5,4,77.39472887351997
28,28370,2026-01-16 00:01:49.288077,2026-01-16 00:01:49.288077,0.0,26.0,26.0,81.0,0.0001,0.27725378549099033,,,,,,,,,,,
29,28371,2026-01-16 00:01:49.392426,2026-01-16 00:01:49.392426,0.0,32.0,20.0,67.0,0.0001,0.27725378549099033,,,,,,,,,,,
30,28372,2026-01-16 00:01:49.459892,2026-01-16 00:01:49.459892,0.0,44.0,11.0,68.0,0.0001,0.27725378549099033,-0.07287335466718281,-3.1157994250000187,-19.69424846084752,0.6875,32,,,,,,
31,28373,2026-01-16 00:01:49.524250,2026-01-16 00:01:49.524250,0.0,31.0,22.0,68.0,0.0001,0.27725378549099033,,,,,,,,,,,
32,28374,2026-01-16 00:01:49.564625,2026-01-16 00:01:49.564625,0.0,40.0,27.0,84.0,0.0001,0.27725378549099033,,,,,,,,,,,
33,28375,2026-01-16 00:01:49.624331,2026-01-16 00:01:49.624331,0.0,22.0,15.0,69.0,0.0001,0.27725378549099033,,,,,,,,,,,
34,28376,2026-01-16 00:01:49.687488,2026-01-16 00:01:49.687488,0.0,37.0,13.0,75.0,0.21598572339809652,0.27725378549099033,1.8758429573790618,19.87875364200003,-7.105077213479771,0.7,10,1.040928736296811,5.085534841499955,-6.75708864523984,0.625,8,44.50874833620389
35,28377,2026-01-16 00:01:49.783443,2026-01-16 00:01:49.783443,0.0,30.0,13.0,69.0,0.1931968629935397,0.27725378549099033,1.853215652415262,12.30351493200003,-4.142699599966193,0.75,8,-0.7055129299591744,-1.9733937319999766,-6.316828398577368,0.6666666666666666,3,138.06966172769438
36,28378,2026-01-16 00:01:49.918581,2026-01-16 00:01:49.918581,0.0,21.0,22.0,84.0,0.0001,0.27725378549099033,,,,,,,,,,,
37,28379,2026-01-16 00:01:49.971548,2026-01-16 00:01:49.971548,0.0,23.0,27.0,70.0,0.0001,0.27725378549099033,,,,,,,,,,,
38,28380,2026-01-16 00:01:49.989626,2026-01-16 00:01:49.989626,0.0,30.0,15.0,75.0,0.0001,0.27725378549099033,,,,,,,,,,,
39,28381,2026-01-16 00:01:50.091422,2026-01-16 00:01:50.091422,0.0,33.0,28.0,81.0,0.0001,0.27725378549099033,,,,,,,,,,,
40,28382,2026-01-16 00:01:50.150398,2026-01-16 00:01:50.150398,0.0,33.0,22.0,66.0,0.0001,0.27725378549099033,,,,,,,,,,,
41,28383,2026-01-16 00:01:50.619645,2026-01-16 00:01:50.619645,0.0,42.0,21.0,77.0,0.0001,0.27725378549099033,,,,,,,,,,,
42,28384,2026-01-16 00:01:50.817565,2026-01-16 00:01:50.817565,0.0,33.0,13.0,73.0,0.10229033413861055,0.27725378549099033,0.8314356704764504,6.248816023500018,-7.473916116584045,0.5714285714285714,7,-1.0805036565667474,-4.218581492999967,-7.54124894602678,0.5,4,229.95637485069284
43,28385,2026-01-16 00:01:50.882424,2026-01-16 00:01:50.882424,0.0,42.0,9.0,70.0,0.10529620526183833,0.27725378549099033,0.25013420692065563,1.530460488499984,-19.272601257422227,0.7142857142857143,35,0.4400185339106803,1.3110038394999777,-6.060092316235554,0.7142857142857143,21,-75.91297860762296
44,28386,2026-01-16 00:01:50.940572,2026-01-16 00:01:50.940572,0.0,31.0,16.0,66.0,0.0001,0.27725378549099033,,,,,,,,,,,
45,28387,2026-01-16 00:01:50.978001,2026-01-16 00:01:50.978001,0.0,41.0,10.0,73.0,0.12648638570551599,0.27725378549099033,0.4833049115419597,4.9232106355000536,-19.347116246968877,0.6538461538461539,26,-0.006275578213731917,-0.5242387925000901,-7.473503322449925,0.6875,16,101.2984718474534
46,28388,2026-01-16 00:01:51.108300,2026-01-16 00:01:51.108300,0.0,39.0,20.0,77.0,0.0001,0.27725378549099033,,,,,,,,,,,
47,28389,2026-01-16 00:01:51.161998,2026-01-16 00:01:51.161998,0.0,20.0,30.0,60.0,0.0001,0.27725378549099033,,,,,,,,,,,
48,28390,2026-01-16 00:01:51.414642,2026-01-16 00:01:51.414642,0.0,27.0,22.0,60.0,0.0001,0.27725378549099033,,,,,,,,,,,
49,28391,2026-01-16 00:01:51.509762,2026-01-16 00:01:51.509762,0.0,22.0,21.0,62.0,0.0001,0.27725378549099033,,,,,,,,,,,
50,28392,2026-01-16 00:01:51.807404,2026-01-16 00:01:51.807404,0.0,37.0,24.0,79.0,0.0001,0.27725378549099033,,,,,,,,,,,
51,28393,2026-01-16 00:01:51.872010,2026-01-16 00:01:51.872010,0.0,26.0,30.0,84.0,0.0001,0.27725378549099033,,,,,,,,,,,
52,28394,2026-01-16 00:01:51.904967,2026-01-16 00:01:51.904967,0.0,20.0,15.0,75.0,0.0001,0.27725378549099033,,,,,,,,,,,
53,28395,2026-01-16 00:01:51.970396,2026-01-16 00:01:51.970396,0.0,29.0,13.0,60.0,0.15998867203750816,0.27725378549099033,1.5824511584276073,9.062020009999982,-3.848839523182257,0.7142857142857143,7,1.0083422232666783,0.6155859004999903,-1.3472983173448805,0.6666666666666666,3,36.279725418596094
54,28396,2026-01-16 00:01:52.023101,2026-01-16 00:01:52.023101,0.0,35.0,13.0,70.0,0.11416435312409458,0.27725378549099033,0.8905678309510959,6.381933148999947,-7.744067358795248,0.625,8,0.12026404284467869,0.1270564370000375,-8.578757032420148,0.6666666666666666,9,86.4958020416883
55,28397,2026-01-16 00:01:52.133936,2026-01-16 00:01:52.133936,0.0,39.0,30.0,61.0,0.0001,0.27725378549099033,,,,,,,,,,,
56,28398,2026-01-16 00:01:52.240758,2026-01-16 00:01:52.240758,0.0,31.0,7.0,60.0,0.19948311157100498,0.27725378549099033,0.9099535445064281,5.888381652499938,-8.789190985667206,0.6388888888888888,36,-0.08394430422101622,-0.345744422000063,-4.312965265984314,0.5263157894736842,19,109.22511975779476
57,28399,2026-01-16 00:01:52.316967,2026-01-16 00:01:52.316967,0.0,33.0,22.0,77.0,0.0001,0.27725378549099033,,,,,,,,,,,
58,28400,2026-01-16 00:01:52.342410,2026-01-16 00:01:52.342410,0.0,31.0,14.0,79.0,0.11071002936504803,0.27725378549099033,1.0650046471237107,13.443719974499993,-20.812623441520163,0.8333333333333334,6,2.5204622623346786,8.891627009000034,-5.665692545580548,1.0,2,-136.66209054972342
59,28401,2026-01-16 00:01:52.498581,2026-01-16 00:01:52.498581,0.0,34.0,7.0,62.0,0.08547515175716708,0.27725378549099033,0.06546218060989147,-0.09883686100004155,-10.08356621694173,0.5869565217391305,46,0.10154164304167808,0.13096357299994893,-5.185123635224953,0.45454545454545453,22,-55.11497187482162
60,28402,2026-01-16 00:01:52.616034,2026-01-16 00:01:52.616034,0.0,32.0,20.0,85.0,0.0001,0.27725378549099033,,,,,,,,,,,
61,28403,2026-01-16 00:01:52.705077,2026-01-16 00:01:52.705077,0.0,38.0,19.0,78.0,0.0001,0.27725378549099033,,,,,,,,,,,
62,28404,2026-01-16 00:01:52.768006,2026-01-16 00:01:52.768006,0.0,31.0,12.0,78.0,0.04449090765372567,0.27725378549099033,0.1289265537383622,-0.5940152699999713,-22.536734956229864,0.6666666666666666,6,0.5854525772738277,2.0540564365000034,-5.893537766524338,0.6666666666666666,3,-354.09774813489474
63,28405,2026-01-16 00:01:52.902598,2026-01-16 00:01:52.902598,0.0,44.0,27.0,79.0,0.0001,0.27725378549099033,,,,,,,,,,,
64,28406,2026-01-16 00:01:52.989627,2026-01-16 00:01:52.989627,0.0,24.0,20.0,60.0,0.0001,0.27725378549099033,,,,,,,,,,,
65,28407,2026-01-16 00:01:53.084757,2026-01-16 00:01:53.084757,0.0,40.0,29.0,85.0,0.0001,0.27725378549099033,,,,,,,,,,,
66,28408,2026-01-16 00:01:53.210328,2026-01-16 00:01:53.210328,0.0,20.0,23.0,80.0,0.0001,0.27725378549099033,,,,,,,,,,,
67,28409,2026-01-16 00:01:53.261243,2026-01-16 00:01:53.261243,0.0,28.0,28.0,60.0,0.0001,0.27725378549099033,,,,,,,,,,,
68,28410,2026-01-16 00:01:53.349893,2026-01-16 00:01:53.349893,0.0,32.0,20.0,78.0,0.0001,0.27725378549099033,,,,,,,,,,,
69,28411,2026-01-16 00:01:53.382316,2026-01-16 00:01:53.382316,0.0,26.0,24.0,64.0,0.0001,0.27725378549099033,,,,,,,,,,,
70,28412,2026-01-16 00:01:53.425490,2026-01-16 00:01:53.425490,0.0,34.0,14.0,84.0,0.0001,0.27725378549099033,,,,,,,,,,,
71,28413,2026-01-16 00:01:53.503983,2026-01-16 00:01:53.503983,0.0,28.0,17.0,65.0,0.0001,0.27725378549099033,,,,,,,,,,,
72,28414,2026-01-16 00:01:53.620263,2026-01-16 00:01:53.620263,0.0,25.0,23.0,70.0,0.0001,0.27725378549099033,,,,,,,,,,,
73,28415,2026-01-16 00:01:53.687427,2026-01-16 00:01:53.687427,0.0,36.0,19.0,83.0,0.0001,0.27725378549099033,,,,,,,,,,,
74,28416,2026-01-16 00:01:53.713433,2026-01-16 00:01:53.713433,0.0,26.0,12.0,69.0,0.0001,0.27725378549099033,,,,,,,,,,,
75,28417,2026-01-16 00:01:53.901902,2026-01-16 00:01:53.901902,0.0,28.0,13.0,77.0,0.0001,0.27725378549099033,,,,,,,,,,,
76,28418,2026-01-16 00:01:54.012373,2026-01-16 00:01:54.012373,0.0,25.0,30.0,75.0,0.0001,0.27725378549099033,,,,,,,,,,,
77,28419,2026-01-16 00:01:54.046814,2026-01-16 00:01:54.046814,0.0,28.0,7.0,60.0,0.30624914109601903,0.30624914109601903,1.853518117762013,8.956337508000015,-2.236149111233421,0.6666666666666666,27,0.10780343320964754,0.12158531349993709,-1.6272314964999257,0.42857142857142855,14,94.18384788491777
78,28420,2026-01-16 00:01:54.156266,2026-01-16 00:01:54.156266,0.0,28.0,30.0,69.0,0.0001,0.30624914109601903,,,,,,,,,,,
79,28421,2026-01-16 00:01:54.705756,2026-01-16 00:01:54.705756,0.0,23.0,18.0,79.0,0.0001,0.30624914109601903,,,,,,,,,,,
80,28422,2026-01-16 00:01:54.742779,2026-01-16 00:01:54.742779,0.0,33.0,29.0,68.0,0.0001,0.30624914109601903,,,,,,,,,,,
81,28423,2026-01-16 00:01:54.774353,2026-01-16 00:01:54.774353,0.0,41.0,14.0,71.0,0.09931454470896103,0.30624914109601903,0.40726838482402294,3.8041190919999788,-15.754595071771638,0.6875,16,0.33325165598495227,1.177181274999981,-6.704197812195856,0.6,10,18.173944159955514
82,28424,2026-01-16 00:01:54.817550,2026-01-16 00:01:54.817550,0.0,31.0,11.0,70.0,0.17750627659272783,0.30624914109601903,1.4525690425200062,10.39910899249999,-6.513199472669884,0.7,10,1.2257066255289255,2.4040167130000247,-3.527787710588537,0.8,5,15.61801266241402
83,28425,2026-01-16 00:01:54.868459,2026-01-16 00:01:54.868459,0.0,31.0,19.0,68.0,0.0001,0.30624914109601903,,,,,,,,,,,
84,28426,2026-01-16 00:01:54.900148,2026-01-16 00:01:54.900148,0.0,26.0,22.0,61.0,0.0001,0.30624914109601903,,,,,,,,,,,
85,28427,2026-01-16 00:01:54.960496,2026-01-16 00:01:54.960496,0.0,33.0,27.0,84.0,0.0001,0.30624914109601903,,,,,,,,,,,
86,28428,2026-01-16 00:01:54.993551,2026-01-16 00:01:54.993551,0.0,23.0,22.0,73.0,0.0001,0.30624914109601903,,,,,,,,,,,
87,28429,2026-01-16 00:01:55.027098,2026-01-16 00:01:55.027098,0.0,32.0,7.0,84.0,0.20341449009871862,0.30624914109601903,1.282528799116618,16.523995571000093,-17.46976516076635,0.7777777777777778,18,0.058792629647733984,-0.34466667649996624,-9.239299824382874,0.4444444444444444,9,95.41588230313197
88,28430,2026-01-16 00:01:55.092582,2026-01-16 00:01:55.092582,0.0,32.0,30.0,66.0,0.0001,0.30624914109601903,,,,,,,,,,,
89,28431,2026-01-16 00:01:55.127567,2026-01-16 00:01:55.127567,0.0,45.0,28.0,79.0,0.0001,0.30624914109601903,,,,,,,,,,,
90,28432,2026-01-16 00:01:55.175268,2026-01-16 00:01:55.175268,0.0,31.0,24.0,82.0,0.0001,0.30624914109601903,,,,,,,,,,,
91,28433,2026-01-16 00:01:55.411849,2026-01-16 00:01:55.411849,0.0,23.0,30.0,85.0,0.0001,0.30624914109601903,,,,,,,,,,,
92,28434,2026-01-16 00:01:55.566728,2026-01-16 00:01:55.566728,0.0,36.0,16.0,75.0,0.055725641622226846,0.30624914109601903,0.2877415316653199,2.031095643000043,-22.05084107711376,0.8333333333333334,6,0.029312703284132997,-0.30423850249997825,-7.284505345275871,0.5,4,89.81283545879383
93,28435,2026-01-16 00:01:55.882434,2026-01-16 00:01:55.882434,0.0,33.0,23.0,70.0,0.0001,0.30624914109601903,,,,,,,,,,,
94,28436,2026-01-16 00:01:56.002888,2026-01-16 00:01:56.002888,0.0,27.0,18.0,85.0,0.0001,0.30624914109601903,,,,,,,,,,,
95,28437,2026-01-16 00:01:56.128576,2026-01-16 00:01:56.128576,0.0,22.0,7.0,60.0,0.28502039755926195,0.30624914109601903,2.23549226225547,11.673435012499976,-2.118427611354934,0.7142857142857143,14,-1.4111012511903054,-0.9381024709999816,-1.4269084780460073,0.6666666666666666,6,163.12261845033603
96,28438,2026-01-16 00:01:56.414303,2026-01-16 00:01:56.414303,0.0,42.0,9.0,80.0,0.1558075168969806,0.30624914109601903,0.7962166659439688,10.896294963500086,-21.78527232314743,0.7142857142857143,21,-0.008471718316014632,-0.7522482659999724,-9.208604486965644,0.5,10,101.06399660775385
97,28439,2026-01-16 00:01:56.504621,2026-01-16 00:01:56.504621,0.0,26.0,16.0,60.0,0.0001,0.30624914109601903,,,,,,,,,,,
98,28440,2026-01-16 00:01:56.555706,2026-01-16 00:01:56.555706,0.0,45.0,11.0,85.0,0.07936822221793229,0.30624914109601903,0.5330759309091839,7.058688326500012,-28.727824924856293,0.5714285714285714,7,0.6867611213283201,4.124872571999999,-12.64500444667026,0.6666666666666666,3,-28.829887359014595
99,28441,2026-01-16 00:01:56.581899,2026-01-16 00:01:56.581899,0.0,38.0,19.0,60.0,0.23150612995792066,0.30624914109601903,1.8597217231708139,13.810690311499988,-6.512447795916165,0.75,12,-1.1684271410461393,-3.4872817274999828,-5.668446042472064,0.5,4,162.82806327895005
100,28442,2026-01-16 00:01:56.673643,2026-01-16 00:01:56.673643,0.0,35.0,20.0,71.0,0.0001,0.30624914109601903,,,,,,,,,,,
101,28443,2026-01-16 00:01:56.765562,2026-01-16 00:01:56.765562,0.0,45.0,13.0,66.0,0.06680091986744147,0.30624914109601903,0.007760799185372823,-1.8198106370000806,-18.24972519335939,0.6428571428571429,28,0.8369571988891197,2.857720336500023,-6.355930587657488,0.6842105263157895,19,-10684.420249741494
102,28444,2026-01-16 00:01:56.895933,2026-01-16 00:01:56.895933,0.0,45.0,24.0,66.0,0.1444526766149609,0.30624914109601903,1.1651736084343918,10.778016701000071,-7.086305140295634,0.6666666666666666,9,0.585785044451047,2.5510388225000606,-6.699455295114243,0.5714285714285714,7,49.72551384525878
103,28445,2026-01-16 00:01:56.947976,2026-01-16 00:01:56.947976,0.0,22.0,17.0,64.0,0.0001,0.30624914109601903,,,,,,,,,,,
104,28446,2026-01-16 00:01:56.991767,2026-01-16 00:01:56.991767,0.0,31.0,17.0,60.0,0.0001,0.30624914109601903,,,,,,,,,,,
105,28447,2026-01-16 00:01:57.023661,2026-01-16 00:01:57.023661,0.0,40.0,19.0,69.0,0.1426138103141919,0.30624914109601903,1.2370936850727208,11.180497834000048,-7.060392289680195,0.625,8,0.1661318285856582,0.3358907924999994,-7.805933525689756,0.5,6,86.5707964893627
106,28448,2026-01-16 00:01:57.235485,2026-01-16 00:01:57.235485,0.0,43.0,11.0,73.0,0.12649027797091175,0.30624914109601903,0.4953167153444391,5.151350186499976,-19.785411314485636,0.68,25,0.07306925059290777,-0.1745383879999332,-8.094900613763201,0.6428571428571429,14,85.24797400748004
107,28449,2026-01-16 00:01:57.374584,2026-01-16 00:01:57.374584,0.0,42.0,19.0,85.0,0.0001,0.30624914109601903,,,,,,,,,,,
108,28450,2026-01-16 00:01:57.439975,2026-01-16 00:01:57.439975,0.0,20.0,30.0,64.0,0.0001,0.30624914109601903,,,,,,,,,,,
109,28451,2026-01-16 00:01:57.529885,2026-01-16 00:01:57.529885,0.0,25.0,7.0,60.0,0.2977013626762459,0.30624914109601903,2.108768196646834,11.166437760999974,-2.106891842025016,0.7222222222222222,18,1.1833002939836756,1.6933481355000002,-1.2059722059021172,0.5555555555555556,9,43.886658767651696
110,28452,2026-01-16 00:01:57.567176,2026-01-16 00:01:57.567176,0.0,28.0,11.0,70.0,0.2539043336690069,0.30624914109601903,2.4268740836122475,15.843845103000003,-4.511404077854797,0.7777777777777778,9,-0.5106385786437136,-0.8571661249999825,-4.351066140161364,0.6666666666666666,3,121.04100011170173
111,28453,2026-01-16 00:01:57.675508,2026-01-16 00:01:57.675508,0.0,26.0,23.0,84.0,0.0001,0.30624914109601903,,,,,,,,,,,
112,28454,2026-01-16 00:01:57.773602,2026-01-16 00:01:57.773602,0.0,20.0,20.0,60.0,0.0001,0.30624914109601903,,,,,,,,,,,
113,28455,2026-01-16 00:01:57.854066,2026-01-16 00:01:57.854066,0.0,24.0,13.0,68.0,0.0001,0.30624914109601903,,,,,,,,,,,
114,28456,2026-01-16 00:01:57.894916,2026-01-16 00:01:57.894916,0.0,44.0,7.0,83.0,0.13580324497600996,0.30624914109601903,0.5823239585294187,6.6117679075000435,-22.872511761163228,0.6666666666666666,24,-0.1689924328782224,-2.0196173684999827,-12.489924491544791,0.6666666666666666,12,129.0203469053532
115,28457,2026-01-16 00:01:57.936844,2026-01-16 00:01:57.936844,0.0,25.0,15.0,62.0,0.0001,0.30624914109601903,,,,,,,,,,,
116,28458,2026-01-16 00:01:57.986366,2026-01-16 00:01:57.986366,0.0,45.0,17.0,85.0,0.0001,0.30624914109601903,,,,,,,,,,,
117,28459,2026-01-16 00:01:58.025815,2026-01-16 00:01:58.025815,0.0,40.0,27.0,85.0,0.0001,0.30624914109601903,,,,,,,,,,,
118,28460,2026-01-16 00:01:58.056355,2026-01-16 00:01:58.056355,0.0,29.0,23.0,61.0,0.0001,0.30624914109601903,,,,,,,,,,,
119,28461,2026-01-16 00:01:58.089036,2026-01-16 00:01:58.089036,0.0,21.0,19.0,66.0,0.0001,0.30624914109601903,,,,,,,,,,,
120,28462,2026-01-16 00:01:58.115820,2026-01-16 00:01:58.115820,0.0,35.0,20.0,63.0,0.21303474621947596,0.30624914109601903,2.5114739355091995,17.39765084649999,-3.5738527054209213,0.8333333333333334,6,-0.41725976058196634,-1.3629860249999806,-5.855954688813636,0.5,2,116.6141386013376
121,28463,2026-01-16 00:01:58.297694,2026-01-16 00:01:58.297694,0.0,20.0,13.0,68.0,0.0001,0.30624914109601903,,,,,,,,,,,
122,28464,2026-01-16 00:01:58.383474,2026-01-16 00:01:58.383474,0.0,28.0,7.0,85.0,0.08372530378606173,0.30624914109601903,0.3035562458793503,2.1985641120000023,-16.035984463147578,0.7142857142857143,14,0.48131151527278154,2.122918557,-9.188060899001671,0.5714285714285714,7,-58.55760565179765
123,28465,2026-01-16 00:01:58.455630,2026-01-16 00:01:58.455630,0.0,37.0,30.0,85.0,0.0001,0.30624914109601903,,,,,,,,,,,
124,28466,2026-01-16 00:01:58.497990,2026-01-16 00:01:58.497990,0.0,30.0,25.0,69.0,0.0001,0.30624914109601903,,,,,,,,,,,
125,28467,2026-01-16 00:01:58.569933,2026-01-16 00:01:58.569933,0.0,26.0,7.0,84.0,0.20161721370851132,0.30624914109601903,1.6296379189149597,14.903946846000023,-7.464459278061741,0.7272727272727273,11,-0.755986536692358,-4.419920606000012,-8.997260762019653,0.5,6,146.3898469664787
126,28468,2026-01-16 00:01:58.954351,2026-01-16 00:01:58.954351,0.0,23.0,30.0,60.0,0.0001,0.30624914109601903,,,,,,,,,,,
127,28469,2026-01-16 00:01:59.064924,2026-01-16 00:01:59.064924,0.0,42.0,16.0,77.0,0.06307243591144349,0.30624914109601903,0.26824768851309144,1.4269216244999394,-25.374555252770037,0.5,8,0.1029168038365072,-0.2686046219999764,-12.635278247919624,0.6666666666666666,3,61.633666106507945
128,28470,2026-01-16 00:01:59.152195,2026-01-16 00:01:59.152195,0.0,21.0,28.0,60.0,0.0001,0.30624914109601903,,,,,,,,,,,
129,28471,2026-01-16 00:01:59.279971,2026-01-16 00:01:59.279971,0.0,31.0,19.0,70.0,0.0001,0.30624914109601903,,,,,,,,,,,
130,28472,2026-01-16 00:01:59.391174,2026-01-16 00:01:59.391174,0.0,33.0,22.0,66.0,0.0001,0.30624914109601903,,,,,,,,,,,
131,28473,2026-01-16 00:01:59.471807,2026-01-16 00:01:59.471807,0.0,33.0,13.0,85.0,0.0001,0.30624914109601903,,,,,,,,,,,
132,28474,2026-01-16 00:01:59.547197,2026-01-16 00:01:59.547197,0.0,33.0,15.0,60.0,0.26839265335512125,0.30624914109601903,2.4523191869063337,15.817082700499993,-3.841794697817147,0.8,10,-0.5867003898808729,-0.7572182374999972,-3.3466653364679577,0.6666666666666666,3,123.92430777418544
133,28475,2026-01-16 00:01:59.628463,2026-01-16 00:01:59.628463,0.0,43.0,12.0,78.0,0.11454500603954063,0.30624914109601903,0.6675472225351686,9.791275849999991,-25.48425489348579,0.8333333333333334,12,0.9442139187505159,5.2868800604999695,-9.081910997280328,0.8333333333333334,6,-41.445262129117985
134,28476,2026-01-16 00:01:59.730657,2026-01-16 00:01:59.730657,0.0,42.0,10.0,68.0,0.0001,0.30624914109601903,-0.10819729263084454,-3.4099820699999803,-23.283716661369837,0.6571428571428571,35,,,,,,
135,28477,2026-01-16 00:01:59.810835,2026-01-16 00:01:59.810835,0.0,27.0,20.0,61.0,0.0001,0.30624914109601903,,,,,,,,,,,
136,28478,2026-01-16 00:01:59.873904,2026-01-16 00:01:59.873904,0.0,43.0,7.0,75.0,0.0001,0.30624914109601903,-0.6186029836741948,-10.476429226499953,-32.390389486043325,0.6363636363636364,44,,,,,,
137,28479,2026-01-16 00:02:00.184046,2026-01-16 00:02:00.184046,0.0,31.0,7.0,70.0,0.21578841421423697,0.30624914109601903,1.1069585003751758,10.070356550999998,-8.559401335942852,0.6666666666666666,30,-1.1740695460059742,-3.2970823590000933,-5.68264411766608,0.6666666666666666,15,206.06265235851686
138,28480,2026-01-16 00:02:00.314435,2026-01-16 00:02:00.314435,0.0,39.0,7.0,77.0,0.08281125790255822,0.30624914109601903,0.0998784818540376,-0.48264037900004253,-19.593123120969103,0.6363636363636364,33,0.45200591703211485,1.458889970500075,-6.4004674028543596,0.6111111111111112,18,-352.555854515967
139,28481,2026-01-16 00:02:00.693235,2026-01-16 00:02:00.693235,0.0,30.0,21.0,71.0,0.0001,0.30624914109601903,,,,,,,,,,,
140,28482,2026-01-16 00:02:00.784054,2026-01-16 00:02:00.784054,0.0,20.0,29.0,62.0,0.0001,0.30624914109601903,,,,,,,,,,,
141,28483,2026-01-16 00:02:00.808348,2026-01-16 00:02:00.808348,0.0,38.0,17.0,82.0,0.0001,0.30624914109601903,,,,,,,,,,,
142,28484,2026-01-16 00:02:00.833956,2026-01-16 00:02:00.833956,0.0,21.0,7.0,60.0,0.25428771987560217,0.30624914109601903,2.01104772324288,10.346755774499956,-2.122688962784891,0.6923076923076923,13,-2.2041826885413927,-1.2413267469999645,-1.4959684040131371,0.5,4,209.60369876191086
143,28485,2026-01-16 00:02:01.086137,2026-01-16 00:02:01.086137,0.0,26.0,7.0,79.0,0.24753039253496384,0.30624914109601903,1.8756807556612338,17.042982797499935,-7.46206092059486,0.7142857142857143,14,0.9102731688272445,3.1789506244999965,-5.893349980087226,0.6666666666666666,9,51.46971753696189
144,28486,2026-01-16 00:02:01.123303,2026-01-16 00:02:01.123303,0.0,35.0,22.0,70.0,0.0001,0.30624914109601903,,,,,,,,,,,
145,28487,2026-01-16 00:02:01.165370,2026-01-16 00:02:01.165370,0.0,22.0,28.0,62.0,0.0001,0.30624914109601903,,,,,,,,,,,
146,28488,2026-01-16 00:02:01.365862,2026-01-16 00:02:01.365862,0.0,23.0,7.0,72.0,0.25158431649670754,0.30624914109601903,1.914588418846344,14.493449550999998,-6.479472933573027,0.7142857142857143,14,-0.5751492559312185,-1.3327064825000445,-4.937717695022514,0.75,8,130.04036012490775
147,28489,2026-01-16 00:02:01.423779,2026-01-16 00:02:01.423779,0.0,43.0,11.0,70.0,0.08857364737887834,0.30624914109601903,0.1662414216700681,0.3484366584998441,-20.203725638091342,0.6551724137931034,29,-0.3197589146417473,-1.853358557500067,-8.164209015031332,0.625,16,292.34611412091897
148,28490,2026-01-16 00:02:01.533884,2026-01-16 00:02:01.533884,0.0,45.0,10.0,67.0,0.0001,0.30624914109601903,-1.078428867063038,-16.213795119000018,-34.52988983779585,0.6511627906976745,43,,,,,,
149,28491,2026-01-16 00:02:01.622842,2026-01-16 00:02:01.622842,0.0,32.0,20.0,76.0,0.0001,0.30624914109601903,,,,,,,,,,,
150,28492,2026-01-16 00:02:01.694371,2026-01-16 00:02:01.694371,0.0,45.0,7.0,78.0,0.11767568446026294,0.30624914109601903,0.3254247583058983,2.615365802499992,-24.81815853835695,0.6756756756756757,37,-0.3110541729733517,-2.345809962000054,-9.402052568922903,0.7272727272727273,22,195.58405285223006
151,28493,2026-01-16 00:02:01.922759,2026-01-16 00:02:01.922759,0.0,27.0,17.0,60.0,0.0001,0.30624914109601903,,,,,,,,,,,
152,28494,2026-01-16 00:02:02.016908,2026-01-16 00:02:02.016908,0.0,29.0,24.0,79.0,0.0001,0.30624914109601903,,,,,,,,,,,
153,28495,2026-01-16 00:02:02.070571,2026-01-16 00:02:02.070571,0.0,45.0,7.0,78.0,0.11767568446026294,0.30624914109601903,0.3254247583058983,2.615365802499992,-24.81815853835695,0.6756756756756757,37,-0.3110541729733517,-2.345809962000054,-9.402052568922903,0.7272727272727273,22,195.58405285223006
154,28496,2026-01-16 00:02:02.110693,2026-01-16 00:02:02.110693,0.0,45.0,13.0,79.0,0.09801117825402697,0.30624914109601903,0.629820721807666,9.062598016500024,-26.289544237521888,0.7777777777777778,9,0.26177210932504896,0.8588181404999908,-12.634504425140669,0.75,4,58.43704402520616
155,28497,2026-01-16 00:02:02.160163,2026-01-16 00:02:02.160163,0.0,26.0,27.0,84.0,0.0001,0.30624914109601903,,,,,,,,,,,
156,28498,2026-01-16 00:02:02.231210,2026-01-16 00:02:02.231210,0.0,27.0,7.0,69.0,0.15901697291421232,0.30624914109601903,0.7845347328522535,5.081465273999964,-6.010657327307289,0.6521739130434783,23,-0.753391965116325,-1.7897504565000197,-4.595701249398121,0.6363636363636364,11,196.03041568055173
157,28499,2026-01-16 00:02:02.314806,2026-01-16 00:02:02.314806,0.0,21.0,12.0,79.0,0.0001,0.30624914109601903,,,,,,,,,,,
158,28500,2026-01-16 00:02:02.362452,2026-01-16 00:02:02.362452,0.0,20.0,20.0,67.0,0.0001,0.30624914109601903,,,,,,,,,,,
159,28501,2026-01-16 00:02:02.457526,2026-01-16 00:02:02.457526,0.0,30.0,20.0,85.0,0.0001,0.30624914109601903,,,,,,,,,,,
160,28502,2026-01-16 00:02:02.532088,2026-01-16 00:02:02.532088,0.0,41.0,7.0,67.0,0.0001,0.30624914109601903,-0.5354573804164974,-6.331472880999947,-19.073765415956466,0.5614035087719298,57,,,,,,
161,28503,2026-01-16 00:02:02.629702,2026-01-16 00:02:02.629702,0.0,28.0,30.0,84.0,0.0001,0.30624914109601903,,,,,,,,,,,
162,28504,2026-01-16 00:02:02.651991,2026-01-16 00:02:02.651991,0.0,28.0,7.0,80.0,0.1677884264257331,0.30624914109601903,0.999999438103984,9.73626321749999,-10.482558904211825,0.7058823529411765,17,1.4435035464069321,5.573936815999978,-6.375257933496092,0.7272727272727273,11,-44.35043575062797
163,28505,2026-01-16 00:02:02.755485,2026-01-16 00:02:02.755485,0.0,45.0,30.0,65.0,0.10729115438847002,0.30624914109601903,0.806849500351839,7.940365301000028,-10.442543650313773,0.5,8,0.6730891476547275,3.041035272000009,-7.408143867047423,0.5,6,16.578104422049375
164,28506,2026-01-16 00:02:02.800326,2026-01-16 00:02:02.800326,0.0,25.0,10.0,60.0,0.13724328506848074,0.30624914109601903,1.1716785231799451,6.608061163499982,-3.980298322889597,0.625,8,3.895770805717559,1.2848908605000149,0.0,1.0,2,-232.49485491501588
165,28507,2026-01-16 00:02:02.850624,2026-01-16 00:02:02.850624,0.0,45.0,10.0,85.0,0.1021248459582213,0.30624914109601903,0.7439217815737514,11.809508811500004,-28.37248299165975,0.625,8,0.5617365307540882,3.0796271024999737,-12.636771519873324,0.75,4,24.489839568113464
166,28508,2026-01-16 00:02:03.184392,2026-01-16 00:02:03.184392,0.0,40.0,7.0,60.0,0.0001,0.30624914109601903,-0.4292385989933983,-4.248966698000143,-10.21713868523566,0.5588235294117647,68,,,,,,
167,28509,2026-01-16 00:02:03.256934,2026-01-16 00:02:03.256934,0.0,24.0,15.0,74.0,0.0001,0.30624914109601903,,,,,,,,,,,
168,28510,2026-01-16 00:02:03.329048,2026-01-16 00:02:03.329048,0.0,20.0,19.0,74.0,0.0001,0.30624914109601903,,,,,,,,,,,
169,28511,2026-01-16 00:02:03.376805,2026-01-16 00:02:03.376805,0.0,32.0,7.0,78.0,0.14973581807741707,0.30624914109601903,0.6640459526772352,6.78957290399993,-18.039621244376868,0.6923076923076923,26,0.010871907528227764,-0.2861918184999706,-6.3902010597605585,0.6666666666666666,12,98.36277783421532
170,28512,2026-01-16 00:02:03.490901,2026-01-16 00:02:03.490901,0.0,20.0,7.0,60.0,0.16791880339155255,0.30624914109601903,1.4356786341371073,6.951394389499965,-2.110406341177873,0.6666666666666666,9,-1.8639122063420472,-1.3135422729999897,-1.5679977278235224,0.5,2,229.82795467053276
171,28513,2026-01-16 00:02:03.587385,2026-01-16 00:02:03.587385,0.0,27.0,15.0,61.0,0.0001,0.30624914109601903,,,,,,,,,,,
172,28514,2026-01-16 00:02:03.633810,2026-01-16 00:02:03.633810,0.0,31.0,22.0,85.0,0.0001,0.30624914109601903,,,,,,,,,,,
173,28515,2026-01-16 00:02:03.670736,2026-01-16 00:02:03.670736,0.0,33.0,23.0,69.0,0.0001,0.30624914109601903,,,,,,,,,,,
174,28516,2026-01-16 00:02:03.734387,2026-01-16 00:02:03.734387,0.0,30.0,13.0,79.0,0.07999922166176619,0.30624914109601903,0.6308745412226419,6.901522681500044,-20.812623441520163,0.8333333333333334,6,0.6617919102815134,2.3643665140000247,-5.7080658358855345,0.6666666666666666,3,-4.900715917138349
175,28517,2026-01-16 00:02:03.840388,2026-01-16 00:02:03.840388,0.0,24.0,7.0,66.0,0.1406752950093427,0.30624914109601903,0.7576127445984795,4.64382948249992,-6.451419105899047,0.7058823529411765,17,3.8159307877775985,3.282042425000018,-0.5490472473429819,0.75,8,-403.6782729678036
176,28518,2026-01-16 00:02:03.928275,2026-01-16 00:02:03.928275,0.0,41.0,12.0,73.0,0.11471056655857571,0.30624914109601903,0.5052129932061947,5.229200647999985,-15.687426323125864,0.6111111111111112,18,1.062211338727461,5.30734759900002,-6.744068822157068,0.6363636363636364,11,-110.25020199627689
177,28519,2026-01-16 00:02:03.996428,2026-01-16 00:02:03.996428,0.0,31.0,19.0,79.0,0.0001,0.30624914109601903,,,,,,,,,,,
178,28520,2026-01-16 00:02:04.082635,2026-01-16 00:02:04.082635,0.0,22.0,14.0,60.0,0.0001,0.30624914109601903,,,,,,,,,,,
179,28521,2026-01-16 00:02:04.116121,2026-01-16 00:02:04.116121,0.0,28.0,11.0,80.0,0.1625036509293791,0.30624914109601903,1.7971628707682192,16.3332615425,-7.097958237624457,1.0,6,0.6617919102815134,2.3643665140000247,-5.7080658358855345,0.6666666666666666,3,63.17574099454756
180,28522,2026-01-16 00:02:04.171991,2026-01-16 00:02:04.171991,0.0,28.0,7.0,80.0,0.1677884264257331,0.30624914109601903,0.999999438103984,9.73626321749999,-10.482558904211825,0.7058823529411765,17,1.4435035464069321,5.573936815999978,-6.375257933496092,0.7272727272727273,11,-44.35043575062797
181,28523,2026-01-16 00:02:04.678942,2026-01-16 00:02:04.678942,0.0,45.0,10.0,65.0,0.0001,0.30624914109601903,-0.8850014007808426,-13.236368757500053,-30.844731261721936,0.6521739130434783,46,,,,,,
182,28524,2026-01-16 00:02:04.777547,2026-01-16 00:02:04.777547,0.0,31.0,12.0,77.0,0.08493146229213272,0.30624914109601903,0.6054884060525085,5.606856037500033,-12.059638333723143,0.5714285714285714,7,0.010510652895255311,-0.14979514949997622,-6.501498952011609,0.6666666666666666,3,98.26410336016511
183,28525,2026-01-16 00:02:04.847080,2026-01-16 00:02:04.847080,0.0,23.0,13.0,66.0,0.0001,0.30624914109601903,,,,,,,,,,,
184,28526,2026-01-16 00:02:04.873772,2026-01-16 00:02:04.873772,0.0,42.0,7.0,85.0,0.0001,0.30624914109601903,-0.07501948510270519,-4.034362566000014,-31.941407994668868,0.6363636363636364,22,,,,,,
185,28527,2026-01-16 00:02:04.897315,2026-01-16 00:02:04.897315,0.0,24.0,7.0,73.0,0.28458548108978104,0.30624914109601903,2.1617324700645386,17.367713612,-6.954100360903393,0.6666666666666666,15,-0.637385040495125,-1.4606699995000445,-5.0517889449209985,0.625,8,129.48491773711925
186,28528,2026-01-16 00:02:05.114651,2026-01-16 00:02:05.114651,0.0,45.0,7.0,67.0,0.0001,0.30624914109601903,-0.8775393927169958,-10.539038964000087,-22.166940224983932,0.5079365079365079,63,,,,,,
187,28529,2026-01-16 00:02:05.151732,2026-01-16 00:02:05.151732,0.0,35.0,28.0,70.0,0.0001,0.30624914109601903,,,,,,,,,,,
188,28530,2026-01-16 00:02:05.207665,2026-01-16 00:02:05.207665,0.0,24.0,7.0,67.0,0.1344029081521033,0.30624914109601903,0.7278111907188535,4.442101972999926,-6.630046036693571,0.6875,16,4.310880160345007,4.016370077500006,-0.5451907447853399,0.75,8,-492.30748514421487
189,28531,2026-01-16 00:02:05.715129,2026-01-16 00:02:05.715129,0.0,35.0,16.0,60.0,0.26386206048234295,0.30624914109601903,2.4024826653057723,14.760399638500022,-3.9797958627916574,0.8,10,-1.4606910702867042,-1.9558748919999944,-3.739118707874345,0.5,4,160.7992345326994
190,28532,2026-01-16 00:02:05.733066,2026-01-16 00:02:05.733066,0.0,32.0,17.0,71.0,0.0001,0.30624914109601903,,,,,,,,,,,
191,28533,2026-01-16 00:02:05.766591,2026-01-16 00:02:05.766591,0.0,22.0,29.0,85.0,0.0001,0.30624914109601903,,,,,,,,,,,
192,28534,2026-01-16 00:02:05.791648,2026-01-16 00:02:05.791648,0.0,45.0,7.0,66.0,0.0001,0.30624914109601903,-1.24482559441233,-13.744559670499953,-22.515987901786982,0.5441176470588235,68,,,,,,
193,28535,2026-01-16 00:02:05.823924,2026-01-16 00:02:05.823924,0.0,20.0,7.0,63.0,0.16588614671694163,0.30624914109601903,1.4122472493480798,6.8250106129999715,-2.1128710786295857,0.6666666666666666,9,1.6361755703992005,0.5605432154999977,-0.37612747045686623,1.0,2,-15.856169743257794
194,28536,2026-01-16 00:02:05.867897,2026-01-16 00:02:05.867897,0.0,27.0,7.0,78.0,0.21989892161821328,0.30624914109601903,1.3915983000931351,14.22243044899997,-8.0845801136737,0.7368421052631579,19,0.7549189894790328,2.4998524699999836,-5.8689010280081995,0.7,10,45.75165912257089
195,28537,2026-01-16 00:02:05.915760,2026-01-16 00:02:05.915760,0.0,23.0,11.0,65.0,0.0001,0.30624914109601903,,,,,,,,,,,
196,28538,2026-01-16 00:02:05.947906,2026-01-16 00:02:05.947906,0.0,40.0,19.0,85.0,0.0001,0.30624914109601903,,,,,,,,,,,
197,28539,2026-01-16 00:02:05.971933,2026-01-16 00:02:05.971933,0.0,34.0,20.0,63.0,0.0001,0.30624914109601903,,,,,,,,,,,
198,28540,2026-01-16 00:02:06.013599,2026-01-16 00:02:06.013599,0.0,39.0,7.0,60.0,0.08677900427072983,0.30624914109601903,0.030510495785752618,-0.4489352075000309,-9.229832330072584,0.5714285714285714,63,-0.883020630315706,-3.698349139500073,-10.096644698318535,0.5294117647058824,34,2994.153659502469
199,28541,2026-01-16 00:02:06.509462,2026-01-16 00:02:06.509462,0.0,35.0,27.0,84.0,0.0001,0.30624914109601903,,,,,,,,,,,
200,28542,2026-01-16 00:02:06.610179,2026-01-16 00:02:06.610179,0.0,44.0,13.0,68.0,0.0001,0.30624914109601903,-0.03700361817073634,-2.5971102704999907,-19.095163454737552,0.64,25,,,,,,
201,28543,2026-01-16 00:02:06.702013,2026-01-16 00:02:06.702013,0.0,32.0,20.0,60.0,0.0001,0.30624914109601903,,,,,,,,,,,
202,28544,2026-01-16 00:02:06.828858,2026-01-16 00:02:06.828858,0.0,28.0,23.0,85.0,0.0001,0.30624914109601903,,,,,,,,,,,
203,28545,2026-01-16 00:02:06.897325,2026-01-16 00:02:06.897325,0.0,30.0,7.0,63.0,0.16313711300775452,0.30624914109601903,0.7032682953466782,4.393784224499944,-8.802658758178517,0.6129032258064516,31,1.7730629471013215,2.9024338710000026,-1.117362599324212,0.5625,16,-152.1175714635742
204,28546,2026-01-16 00:02:07.009930,2026-01-16 00:02:07.009930,0.0,21.0,22.0,61.0,0.0001,0.30624914109601903,,,,,,,,,,,
205,28547,2026-01-16 00:02:07.069275,2026-01-16 00:02:07.069275,0.0,32.0,7.0,60.0,0.23378821543789408,0.30624914109601903,1.0842732136272497,8.079109134499975,-10.070417266654186,0.6666666666666666,42,-0.13802286450788048,-0.48385944500008665,-4.323730942864024,0.5263157894736842,19,112.72952820130536
206,28548,2026-01-16 00:02:07.254452,2026-01-16 00:02:07.254452,0.0,31.0,12.0,65.0,0.23487241989291338,0.30624914109601903,1.9809052873551782,14.176678616499968,-6.512447795916165,0.7272727272727273,11,-0.7859697047602974,-1.009295212999997,-3.527782320799555,0.6666666666666666,3,139.67729854513595
207,28549,2026-01-16 00:02:07.276445,2026-01-16 00:02:07.276445,0.0,20.0,7.0,69.0,0.13405429041647526,0.30624914109601903,1.0453065441903684,5.84224894549996,-3.9299477205761546,0.6666666666666666,9,3.8648437136516276,1.4017923804999952,0.0,1.0,2,-269.7330448308925
208,28550,2026-01-16 00:02:07.321493,2026-01-16 00:02:07.321493,0.0,28.0,7.0,60.0,0.30624914109601903,0.30624914109601903,1.853518117762013,8.956337508000015,-2.236149111233421,0.6666666666666666,27,0.10780343320964754,0.12158531349993709,-1.6272314964999257,0.42857142857142855,14,94.18384788491777
209,28551,2026-01-16 00:02:07.386786,2026-01-16 00:02:07.386786,0.0,33.0,14.0,66.0,0.3087985928920514,0.3087985928920514,2.8967845218125654,20.501095235999976,-4.498131595295929,0.8,10,-0.5907231128177066,-0.9746098174999751,-4.356048454833195,0.6666666666666666,3,120.39237328042893
210,28552,2026-01-16 00:02:07.489237,2026-01-16 00:02:07.489237,0.0,31.0,22.0,65.0,0.0001,0.3087985928920514,,,,,,,,,,,
211,28553,2026-01-16 00:02:07.591927,2026-01-16 00:02:07.591927,0.0,37.0,13.0,60.0,0.19080942764178382,0.3087985928920514,1.1720701644675051,8.047696132499969,-6.4872782659349255,0.6666666666666666,18,2.961612785073799,4.766138302500029,-1.2322044472513283,0.75,12,-152.68220921051417
212,28554,2026-01-16 00:02:07.651496,2026-01-16 00:02:07.651496,0.0,33.0,7.0,60.0,0.21529461952923662,0.3087985928920514,0.9498234151582099,7.104543460499989,-10.101809269367068,0.6744186046511628,43,-0.10981568714996187,-0.4399899960000926,-5.289690883016518,0.5217391304347826,23,111.56169508957305
213,28555,2026-01-16 00:02:07.772132,2026-01-16 00:02:07.772132,0.0,28.0,27.0,72.0,0.0001,0.3087985928920514,,,,,,,,,,,
214,28556,2026-01-16 00:02:07.833443,2026-01-16 00:02:07.833443,0.0,33.0,30.0,75.0,0.0001,0.3087985928920514,,,,,,,,,,,
215,28557,2026-01-16 00:02:07.878375,2026-01-16 00:02:07.878375,0.0,40.0,8.0,84.0,0.0001,0.3087985928920514,-0.012988692490030776,-3.344887644499954,-28.67117042484255,0.625,16,,,,,,
216,28558,2026-01-16 00:02:08.128487,2026-01-16 00:02:08.128487,0.0,20.0,11.0,70.0,0.0001,0.3087985928920514,,,,,,,,,,,
217,28559,2026-01-16 00:02:08.217097,2026-01-16 00:02:08.217097,0.0,45.0,20.0,69.0,0.05631837170942807,0.3087985928920514,0.09487847152448937,-0.8734720134999815,-19.920047635304584,0.5454545454545454,11,0.5767337915014565,2.567168463000025,-6.698453605698429,0.5714285714285714,7,-507.8658121643476
218,28560,2026-01-16 00:02:08.278806,2026-01-16 00:02:08.278806,0.0,20.0,23.0,77.0,0.0001,0.3087985928920514,,,,,,,,,,,
219,28561,2026-01-16 00:02:08.340233,2026-01-16 00:02:08.340233,0.0,24.0,10.0,61.0,0.12465528237893243,0.3087985928920514,1.2621357101106303,6.370319881499982,-3.0961781356906637,0.6666666666666666,6,0.9326348191384052,0.5565404379999902,-1.3472983173448805,0.6666666666666666,3,26.10661344360055
220,28562,2026-01-16 00:02:08.379887,2026-01-16 00:02:08.379887,0.0,26.0,21.0,72.0,0.0001,0.3087985928920514,,,,,,,,,,,
221,28563,2026-01-16 00:02:08.408983,2026-01-16 00:02:08.408983,0.0,45.0,7.0,68.0,0.0001,0.3087985928920514,-1.0064713987524176,-11.88674444000003,-22.666139311020437,0.5087719298245614,57,,,,,,
222,28564,2026-01-16 00:02:08.462031,2026-01-16 00:02:08.462031,0.0,35.0,16.0,78.0,0.08784225748483807,0.3087985928920514,0.7417442391268166,8.824499036000006,-20.65110500690073,0.8333333333333334,6,0.3970670073081575,1.714620695000018,-8.753542474195052,0.6666666666666666,3,46.4684743927926
223,28565,2026-01-16 00:02:08.495670,2026-01-16 00:02:08.495670,0.0,20.0,22.0,67.0,0.0001,0.3087985928920514,,,,,,,,,,,
224,28566,2026-01-16 00:02:08.531296,2026-01-16 00:02:08.531296,0.0,42.0,7.0,71.0,0.0001,0.3087985928920514,-0.8638327833130489,-12.233637211499943,-28.9992221370585,0.6,50,,,,,,
225,28567,2026-01-16 00:02:08.565751,2026-01-16 00:02:08.565751,0.0,35.0,16.0,77.0,0.06988697959751775,0.3087985928920514,0.4879271866410074,4.849314363999995,-20.65110500690073,0.8333333333333334,6,0.00605435751625571,-0.701434534999994,-8.7664757837161,0.6666666666666666,3,98.75916782626211
226,28568,2026-01-16 00:02:09.464207,2026-01-16 00:02:09.464207,0.0,32.0,8.0,66.0,0.08015446340727923,0.3087985928920514,0.11598534178215908,0.26386636699998844,-9.455576430079304,0.5925925925925926,27,0.26238378079820657,0.46698689399996396,-3.9994552015682916,0.6,15,-126.22150072291856
227,28569,2026-01-16 00:02:09.515904,2026-01-16 00:02:09.515904,0.0,20.0,19.0,82.0,0.0001,0.3087985928920514,,,,,,,,,,,
228,28570,2026-01-16 00:02:09.546461,2026-01-16 00:02:09.546461,0.0,28.0,7.0,73.0,0.1377751796066716,0.3087985928920514,0.6289491732552959,5.032352172999996,-11.494231946956035,0.6818181818181818,22,-0.022076512434674653,-0.16737727950006046,-4.569799903768679,0.6923076923076923,13,103.51006303425312
229,28571,2026-01-16 00:02:09.603378,2026-01-16 00:02:09.603378,0.0,20.0,7.0,77.0,0.24271074285939442,0.3087985928920514,2.2978403236531753,14.232014058500026,-4.514763805261335,0.7777777777777778,9,1.499178723639213,1.5920182200000177,-1.6749013313819172,1.0,2,34.75705390808994
230,28572,2026-01-16 00:02:09.761017,2026-01-16 00:02:09.761017,0.0,26.0,19.0,63.0,0.0001,0.3087985928920514,,,,,,,,,,,
231,28573,2026-01-16 00:02:09.822707,2026-01-16 00:02:09.822707,0.0,30.0,30.0,67.0,0.0001,0.3087985928920514,,,,,,,,,,,
232,28574,2026-01-16 00:02:10.040889,2026-01-16 00:02:10.040889,0.0,26.0,19.0,70.0,0.0001,0.3087985928920514,,,,,,,,,,,
233,28575,2026-01-16 00:02:10.336198,2026-01-16 00:02:10.336198,0.0,30.0,17.0,73.0,0.0001,0.3087985928920514,,,,,,,,,,,
234,28576,2026-01-16 00:02:10.365705,2026-01-16 00:02:10.365705,0.0,28.0,23.0,64.0,0.0001,0.3087985928920514,,,,,,,,,,,
235,28577,2026-01-16 00:02:10.406250,2026-01-16 00:02:10.406250,0.0,28.0,7.0,60.0,0.30624914109601903,0.3087985928920514,1.853518117762013,8.956337508000015,-2.236149111233421,0.6666666666666666,27,0.10780343320964754,0.12158531349993709,-1.6272314964999257,0.42857142857142855,14,94.18384788491777
236,28578,2026-01-16 00:02:10.537278,2026-01-16 00:02:10.537278,0.0,29.0,28.0,71.0,0.0001,0.3087985928920514,,,,,,,,,,,
237,28579,2026-01-16 00:02:10.585667,2026-01-16 00:02:10.585667,0.0,45.0,10.0,73.0,0.0001,0.3087985928920514,-0.34287697280059554,-7.769346231500049,-29.687395776264978,0.6451612903225806,31,,,,,,
238,28580,2026-01-16 00:02:10.754368,2026-01-16 00:02:10.754368,0.0,45.0,14.0,60.0,0.0001,0.3087985928920514,-0.4176340560091841,-6.461438822000106,-19.448524503654895,0.5882352941176471,34,,,,,,
239,28581,2026-01-16 00:02:10.802588,2026-01-16 00:02:10.802588,0.0,42.0,25.0,60.0,0.232683412502255,0.3087985928920514,1.9577832877094978,14.828336373500022,-6.542329505215627,0.8181818181818182,11,0.5191976331064,1.8768617689999767,-8.599359956716224,0.6666666666666666,6,73.4803317422413
240,28582,2026-01-16 00:02:10.914631,2026-01-16 00:02:10.914631,0.0,35.0,30.0,83.0,0.0001,0.3087985928920514,,,,,,,,,,,
241,28583,2026-01-16 00:02:10.976417,2026-01-16 00:02:10.976417,0.0,32.0,22.0,69.0,0.0001,0.3087985928920514,,,,,,,,,,,
242,28584,2026-01-16 00:02:11.020828,2026-01-16 00:02:11.020828,0.0,21.0,7.0,83.0,0.10349853737338338,0.3087985928920514,0.8471619353039925,6.297244960500022,-8.734437955501306,0.5714285714285714,7,0.07511685688600583,0.04807452100001455,-5.692348423061078,0.75,4,91.13311708710671
243,28585,2026-01-16 00:02:11.095045,2026-01-16 00:02:11.095045,0.0,37.0,8.0,74.0,0.0973593088413363,0.3087985928920514,0.21810373143036393,1.0254416860000184,-20.570617912245925,0.6774193548387096,31,0.3605161366223833,1.0635756925000266,-5.554064396451819,0.6875,16,-65.29572156242028
244,28586,2026-01-16 00:02:11.351729,2026-01-16 00:02:11.351729,0.0,34.0,17.0,62.0,0.3429524825048157,0.3429524825048157,3.2724773075529727,23.470989999000018,-3.841885502218223,0.9,10,3.505413756914095,2.174541660500018,0.0,1.0,2,-7.118046283269804
245,28587,2026-01-16 00:02:11.525138,2026-01-16 00:02:11.525138,0.0,40.0,20.0,60.0,0.2514455481774874,0.3429524825048157,2.0629624681508782,15.556856732000005,-6.512447795916165,0.75,12,1.2325119522578107,4.246945679500094,-5.069404767072472,0.7777777777777778,9,40.25524112600245
246,28588,2026-01-16 00:02:11.653673,2026-01-16 00:02:11.653673,0.0,28.0,7.0,76.0,0.23297525287247858,0.3429524825048157,1.409031945160258,13.638864536499993,-8.479540856385647,0.7727272727272727,22,1.4019853484613038,3.972928839499986,-4.572226502707699,0.75,12,0.500101983007396
247,28589,2026-01-16 00:02:11.718127,2026-01-16 00:02:11.718127,0.0,32.0,20.0,67.0,0.0001,0.3429524825048157,,,,,,,,,,,
248,28590,2026-01-16 00:02:11.765592,2026-01-16 00:02:11.765592,0.0,20.0,22.0,60.0,0.0001,0.3429524825048157,,,,,,,,,,,
249,28591,2026-01-16 00:02:11.835376,2026-01-16 00:02:11.835376,0.0,31.0,14.0,73.0,0.16220821589298745,0.3429524825048157,1.7929865806206342,14.704666189500026,-6.972730312985087,0.6666666666666666,6,2.1066703847430603,4.119471551500011,-2.210356002858127,1.0,2,-17.49504472107348
250,28592,2026-01-16 00:02:11.915606,2026-01-16 00:02:11.915606,0.0,20.0,11.0,70.0,0.0001,0.3429524825048157,,,,,,,,,,,
251,28593,2026-01-16 00:02:11.947916,2026-01-16 00:02:11.947916,0.0,31.0,11.0,76.0,0.07001432268495056,0.3429524825048157,0.4113233176134967,2.661793278499975,-10.14827458040366,0.42857142857142855,7,0.011280978306436979,-0.14765580899996508,-6.717620360143739,0.75,4,97.25739392264718
252,28594,2026-01-16 00:02:12.058384,2026-01-16 00:02:12.058384,0.0,23.0,7.0,72.0,0.25158431649670754,0.3429524825048157,1.914588418846344,14.493449550999998,-6.479472933573027,0.7142857142857143,14,-0.5751492559312185,-1.3327064825000445,-4.937717695022514,0.75,8,130.04036012490775
253,28595,2026-01-16 00:02:12.116718,2026-01-16 00:02:12.116718,0.0,35.0,25.0,67.0,0.0001,0.3429524825048157,,,,,,,,,,,
254,28596,2026-01-16 00:02:12.152433,2026-01-16 00:02:12.152433,0.0,20.0,10.0,60.0,0.0001,0.3429524825048157,,,,,,,,,,,
255,28597,2026-01-16 00:02:12.215677,2026-01-16 00:02:12.215677,0.0,21.0,30.0,60.0,0.0001,0.3429524825048157,,,,,,,,,,,
256,28598,2026-01-16 00:02:12.301937,2026-01-16 00:02:12.301937,0.0,22.0,23.0,72.0,0.0001,0.3429524825048157,,,,,,,,,,,
257,28599,2026-01-16 00:02:12.402227,2026-01-16 00:02:12.402227,0.0,21.0,17.0,67.0,0.0001,0.3429524825048157,,,,,,,,,,,
258,28600,2026-01-16 00:02:12.441049,2026-01-16 00:02:12.441049,0.0,32.0,7.0,60.0,0.23378821543789408,0.3429524825048157,1.0842732136272497,8.079109134499975,-10.070417266654186,0.6666666666666666,42,-0.13802286450788048,-0.48385944500008665,-4.323730942864024,0.5263157894736842,19,112.72952820130536
259,28601,2026-01-16 00:02:12.479713,2026-01-16 00:02:12.479713,0.0,30.0,19.0,74.0,0.0001,0.3429524825048157,,,,,,,,,,,
260,28602,2026-01-16 00:02:12.574157,2026-01-16 00:02:12.574157,0.0,23.0,27.0,73.0,0.0001,0.3429524825048157,,,,,,,,,,,
261,28603,2026-01-16 00:02:12.640098,2026-01-16 00:02:12.640098,0.0,42.0,22.0,85.0,0.0001,0.3429524825048157,,,,,,,,,,,
262,28604,2026-01-16 00:02:12.721960,2026-01-16 00:02:12.721960,0.0,33.0,22.0,67.0,0.0001,0.3429524825048157,,,,,,,,,,,
263,28605,2026-01-16 00:02:12.781378,2026-01-16 00:02:12.781378,0.0,31.0,22.0,60.0,0.0001,0.3429524825048157,,,,,,,,,,,
264,28606,2026-01-16 00:02:12.919321,2026-01-16 00:02:12.919321,0.0,45.0,15.0,85.0,0.0001,0.3429524825048157,,,,,,,,,,,
265,28607,2026-01-16 00:02:12.996607,2026-01-16 00:02:12.996607,0.0,33.0,7.0,77.0,0.1253376637164158,0.3429524825048157,0.46321727250839817,4.281979441500091,-18.14383502097264,0.7037037037037037,27,0.6338712358962186,2.0554673710000597,-5.846890102078861,0.7142857142857143,14,-36.84101900253007
266,28608,2026-01-16 00:02:13.340930,2026-01-16 00:02:13.340930,0.0,27.0,17.0,60.0,0.0001,0.3429524825048157,,,,,,,,,,,
267,28609,2026-01-16 00:02:13.376542,2026-01-16 00:02:13.376542,0.0,41.0,10.0,73.0,0.12648638570551599,0.3429524825048157,0.4833049115419597,4.9232106355000536,-19.347116246968877,0.6538461538461539,26,-0.006275578213731917,-0.5242387925000901,-7.473503322449925,0.6875,16,101.2984718474534
268,28610,2026-01-16 00:02:13.450765,2026-01-16 00:02:13.450765,0.0,24.0,11.0,78.0,0.0001,0.3429524825048157,,,,,,,,,,,
269,28611,2026-01-16 00:02:13.480741,2026-01-16 00:02:13.480741,0.0,45.0,7.0,80.0,0.1061431360802169,0.3429524825048157,0.2828915693017206,1.9745312609999115,-25.789229298008475,0.6451612903225806,31,-0.045525897440381824,-0.9058820595000417,-8.214289053551404,0.7,20,116.09305556639822
270,28612,2026-01-16 00:02:13.549874,2026-01-16 00:02:13.549874,0.0,41.0,16.0,73.0,0.13553864286418793,0.3429524825048157,0.9909250715060671,10.844690885500004,-10.64139715722876,0.6,10,1.6623238653232921,9.184373686499944,-6.716724833868948,0.7142857142857143,7,-67.75474888295973
271,28613,2026-01-16 00:02:13.640901,2026-01-16 00:02:13.640901,0.0,20.0,21.0,70.0,0.0001,0.3429524825048157,,,,,,,,,,,
272,28614,2026-01-16 00:02:13.667016,2026-01-16 00:02:13.667016,0.0,22.0,14.0,77.0,0.0001,0.3429524825048157,,,,,,,,,,,
273,28615,2026-01-16 00:02:13.696893,2026-01-16 00:02:13.696893,0.0,26.0,23.0,77.0,0.0001,0.3429524825048157,,,,,,,,,,,
274,28616,2026-01-16 00:02:13.777312,2026-01-16 00:02:13.777312,0.0,32.0,26.0,70.0,0.0001,0.3429524825048157,,,,,,,,,,,
275,28617,2026-01-16 00:02:13.826527,2026-01-16 00:02:13.826527,0.0,42.0,13.0,65.0,0.0855233089465187,0.3429524825048157,0.17295906303259037,0.5548232525000294,-16.475656975541362,0.64,25,1.1754193603723817,3.9390093695000017,-5.3852892978911715,0.75,16,-579.5939685166422
276,28618,2026-01-16 00:02:13.927284,2026-01-16 00:02:13.927284,0.0,36.0,7.0,67.0,0.0001,0.3429524825048157,-0.10258534476005418,-2.0067892890001016,-13.017067980225772,0.5909090909090909,44,,,,,,
277,28619,2026-01-16 00:02:13.966427,2026-01-16 00:02:13.966427,0.0,23.0,11.0,85.0,0.0001,0.3429524825048157,,,,,,,,,,,
278,28620,2026-01-16 00:02:13.999415,2026-01-16 00:02:13.999415,0.0,24.0,9.0,75.0,0.19881849676777588,0.3429524825048157,2.0878695262488596,12.889563321500042,-4.1606155866310885,0.7142857142857143,7,-0.7105514581815258,-1.919095894499972,-6.664284642674034,0.6666666666666666,3,134.03236884529503
279,28621,2026-01-16 00:02:14.030751,2026-01-16 00:02:14.030751,0.0,20.0,7.0,85.0,0.09210761983418041,0.3429524825048157,0.8020396968795788,5.070896687999996,-7.481718147864291,0.6666666666666666,6,1.9467225374896082,3.747969893500021,-2.218218959952245,1.0,2,-142.721469406507
280,28622,2026-01-16 00:02:14.083834,2026-01-16 00:02:14.083834,0.0,27.0,30.0,60.0,0.0001,0.3429524825048157,,,,,,,,,,,
281,28623,2026-01-16 00:02:14.161175,2026-01-16 00:02:14.161175,0.0,45.0,22.0,73.0,0.0894254376430418,0.3429524825048157,0.764124183554915,10.9824991325,-20.731049572798412,0.6666666666666666,6,0.0866990125999812,-0.3764900894999585,-12.519264961514299,0.6666666666666666,3,88.65380595643057
282,28624,2026-01-16 00:02:14.208702,2026-01-16 00:02:14.208702,0.0,37.0,7.0,60.0,0.0001,0.3429524825048157,-0.1467177993431537,-2.0345806345000073,-11.12403444621478,0.5636363636363636,55,,,,,,
283,28625,2026-01-16 00:02:14.264080,2026-01-16 00:02:14.264080,0.0,23.0,14.0,63.0,0.0001,0.3429524825048157,,,,,,,,,,,
284,28626,2026-01-16 00:02:14.324817,2026-01-16 00:02:14.324817,0.0,25.0,19.0,60.0,0.0001,0.3429524825048157,,,,,,,,,,,
285,28627,2026-01-16 00:02:14.428023,2026-01-16 00:02:14.428023,0.0,33.0,7.0,85.0,0.08515083448288563,0.3429524825048157,0.2612336953106136,1.6697624790000345,-23.075831025217486,0.7058823529411765,17,0.8139463502313541,4.2996993510000445,-9.198210605070134,0.5555555555555556,9,-211.57785723757837
286,28628,2026-01-16 00:02:14.659700,2026-01-16 00:02:14.659700,0.0,20.0,8.0,77.0,0.0001,0.3429524825048157,,,,,,,,,,,
287,28629,2026-01-16 00:02:14.751377,2026-01-16 00:02:14.751377,0.0,45.0,7.0,62.0,0.0001,0.3429524825048157,-0.9699558834847003,-8.98225354300006,-18.01149469150516,0.5609756097560976,82,,,,,,
288,28630,2026-01-16 00:02:14.779222,2026-01-16 00:02:14.779222,0.0,23.0,12.0,76.0,0.0001,0.3429524825048157,,,,,,,,,,,
289,28631,2026-01-16 00:02:15.290334,2026-01-16 00:02:15.290334,0.0,24.0,7.0,77.0,0.3368693475412081,0.3429524825048157,2.7331141963214156,23.217533566499995,-6.51864395832874,0.7857142857142857,14,0.4028876404017566,0.976717397999991,-5.464856798017548,0.7142857142857143,7,85.25902646351126
290,28632,2026-01-16 00:02:15.627730,2026-01-16 00:02:15.627730,0.0,35.0,30.0,65.0,0.0001,0.3429524825048157,,,,,,,,,,,
291,28633,2026-01-16 00:02:15.819263,2026-01-16 00:02:15.819263,0.0,20.0,7.0,65.0,0.12143686689501584,0.3429524825048157,0.8998595981958933,4.880497153499945,-4.689674758157947,0.6666666666666666,9,3.32768616482761,0.9466750529999978,0.0,1.0,2,-269.800596837463
292,28634,2026-01-16 00:02:15.856035,2026-01-16 00:02:15.856035,0.0,36.0,7.0,60.0,0.0001,0.3429524825048157,-0.18364115337900486,-2.350770739000063,-11.041775781040053,0.54,50,,,,,,
293,28635,2026-01-16 00:02:15.924914,2026-01-16 00:02:15.924914,0.0,28.0,7.0,69.0,0.15041658883275177,0.3429524825048157,0.6987893064169037,4.454783352499921,-6.77298979261427,0.6666666666666666,24,-0.5560897435959984,-1.3901531010000518,-4.574382247912679,0.6923076923076923,13,179.57902882735738
294,28636,2026-01-16 00:02:15.957419,2026-01-16 00:02:15.957419,0.0,20.0,7.0,85.0,0.09210761983418041,0.3429524825048157,0.8020396968795788,5.070896687999996,-7.481718147864291,0.6666666666666666,6,1.9467225374896082,3.747969893500021,-2.218218959952245,1.0,2,-142.721469406507
295,28637,2026-01-16 00:02:15.980414,2026-01-16 00:02:15.980414,0.0,42.0,7.0,61.0,0.0001,0.3429524825048157,-0.5667174735502531,-6.40751336349989,-20.072554847277846,0.5526315789473685,76,,,,,,
296,28638,2026-01-16 00:02:15.996640,2026-01-16 00:02:15.996640,0.0,40.0,20.0,78.0,0.0001,0.3429524825048157,,,,,,,,,,,
297,28639,2026-01-16 00:02:16.010945,2026-01-16 00:02:16.010945,0.0,20.0,9.0,60.0,0.0001,0.3429524825048157,,,,,,,,,,,
298,28640,2026-01-16 00:02:16.021663,2026-01-16 00:02:16.021663,0.0,40.0,30.0,66.0,0.0001,0.3429524825048157,,,,,,,,,,,
299,28641,2026-01-16 00:02:16.030490,2026-01-16 00:02:16.030490,0.0,31.0,14.0,66.0,0.33562722255471633,0.3429524825048157,3.1918994481018794,24.63795732999998,-3.844559291597438,0.9,10,1.4855871217548589,1.6176923380000177,-1.6744825440707212,1.0,2,53.45758392739188
300,28642,2026-01-16 00:02:16.039919,2026-01-16 00:02:16.039919,0.0,35.0,12.0,74.0,0.17699121303387952,0.3429524825048157,1.4469033433726746,13.455535204499986,-8.130136555777568,0.7,10,-0.036421029909316636,-0.5766810209999778,-7.233247502780493,0.625,8,102.51717089991794
